{"stats":{"minecraft:custom":{"minecraft:jump":8,"minecraft:time_since_rest":1871,"minecraft:leave_game":1,"minecraft:crouch_one_cm":667,"minecraft:sprint_one_cm":478,"minecraft:play_time":1871,"minecraft:damage_taken":40,"minecraft:time_since_death":1871,"minecraft:walk_one_cm":1834,"minecraft:sneak_time":105,"minecraft:total_world_time":1871,"minecraft:fall_one_cm":1177,"minecraft:fly_one_cm":25062},"minecraft:mined":{"minecraft:oak_log":2,"minecraft:oak_leaves":4},"minecraft:used":{"minecraft:oak_log":2},"minecraft:picked_up":{"minecraft:oak_log":2}},"DataVersion":3465}